PARTICIPANT,CLASS,JA611272|?|1of2_calculated,MIR4427|100616390_calculated,PIGM|93183_calculated,POU2F1|5451_calculated,BRAP|8315_calculated,C12orf73|728568_calculated,CIT|11113_calculated,RNFT2|84900_calculated,SART3|9733_calculated,ZNF664|144348_calculated,FLT1|2321_calculated,RAE1|8480_calculated,TPX2|22974_calculated,ZNF280A|129025_calculated,ESM1|11082_calculated,AARS2|57505_calculated,CDC5L|988_calculated,DQ581019|?_calculated,GTPBP2|54676_calculated,RPL7L1|285855_calculated,TMEM63B|55362_calculated,VEGFA|7422_calculated,XPO5|57510_calculated,APLN|8862_calculated,SSX1|6756_calculated
4187,Tumoral (01A),0.0000,0.1731,3.9911,3.2777,6.1526,2.0306,1.2292,0.1495,4.8870,20.3608,3.6950,7.6887,11.1279,0.0000,0.3388,2.7422,10.3812,17.5214,8.1301,11.8849,7.2719,7.8412,7.6220,0.9930,0.0203
4255,Tumoral (01A),0.0000,0.9104,4.5680,3.3638,8.1715,2.0294,1.2272,1.9774,5.6163,30.5629,2.8568,17.9965,25.1429,0.0520,2.2772,3.4991,8.9252,19.8654,9.6517,15.7738,13.3874,12.0293,14.5340,1.6266,0.0000
4256,Tumoral (01A),0.0000,0.0000,3.5039,2.6986,6.6324,2.6955,2.0119,0.3525,6.8185,28.3248,3.7127,9.1831,33.7992,0.0105,1.0421,3.6850,10.2349,15.5209,15.5861,12.0961,9.1695,24.2304,13.0655,0.8670,0.0090
4257,Tumoral (01A),0.0000,0.3294,3.4770,4.0232,6.4271,2.3948,2.6940,0.6281,5.2256,29.0523,4.8791,10.2252,38.7149,0.0000,2.5586,3.7099,12.1505,26.6810,18.2942,22.0332,23.7946,27.4200,18.5832,1.5926,0.0000
4267,Tumoral (01A),0.0000,0.7009,9.8643,3.2518,9.7354,4.1250,2.5980,0.5222,8.9224,56.9331,2.0497,10.1504,14.8950,0.0085,4.3657,6.0281,17.7410,37.6878,18.2430,23.9369,36.2245,35.6720,15.6257,4.8049,0.0124
4280,Tumoral (01A),0.0000,0.0000,4.8834,3.9925,8.4444,3.4468,2.2162,0.3680,7.9016,48.1465,3.5620,22.1449,34.3541,0.1995,2.8301,5.7796,12.1386,34.7113,13.2371,17.6180,13.3378,34.8636,14.2750,2.9375,0.0000
4292,Tumoral (01A),0.0000,0.0000,4.2397,4.0687,9.0201,2.8911,3.3213,0.6375,6.1586,51.8290,2.8323,15.9381,34.5497,0.0000,4.0240,4.8040,11.0536,38.7557,9.1920,19.9264,20.6533,32.0234,14.1897,2.2412,0.0119
4437,Tumoral (01A),0.0000,0.7750,3.4397,1.8863,5.2876,3.1993,2.4919,1.0634,5.6896,20.5523,1.9004,16.2264,18.9917,0.0000,1.0748,4.5955,4.4687,20.7636,17.4804,10.3985,29.2024,39.2490,14.6431,1.3718,0.0000
4441,Tumoral (01A),0.0000,0.0000,4.5458,2.5484,3.5787,2.1426,2.9583,0.4951,7.7276,23.7218,6.4068,22.1603,31.4012,0.0077,3.3808,6.6407,8.0819,19.6421,21.1206,10.9770,23.3988,88.0813,13.5569,11.4097,0.0000
5577,Tumoral (01A),0.0000,0.0540,3.3611,2.4338,5.8617,1.8748,2.1897,0.6509,5.5478,26.2247,1.8221,19.3782,27.7274,0.0000,2.2058,4.1949,7.2689,22.3183,12.4738,7.9689,17.9198,29.6643,10.8110,1.9441,0.0000
5578,Tumoral (01A),0.0000,0.0898,4.4509,2.5404,6.8251,2.9399,3.0735,1.0802,7.2183,34.9670,2.0022,30.7956,24.1059,0.1061,2.5137,5.9831,6.0229,15.4521,11.6103,8.2457,16.4207,26.3488,7.9659,4.9038,0.1157
5716,Tumoral (01A),0.1289,0.0310,3.8674,2.1947,4.6894,1.7609,1.4434,0.6036,5.2476,19.3831,2.0432,10.3308,18.7979,0.0000,0.1780,4.4662,6.3659,21.3122,13.6786,10.6875,23.4464,13.9239,8.7911,0.4577,0.0000
5717,Tumoral (01A),0.0000,0.3869,3.3509,2.2654,4.8455,1.6113,1.0641,0.1733,4.9655,16.5204,2.0018,10.8690,7.4147,0.0000,0.4041,4.8963,7.6940,17.9238,28.0925,10.6673,23.7452,40.3282,10.4525,0.9505,0.0000
5718,Tumoral (01A),0.0000,0.0000,6.3469,2.8646,4.9102,1.9236,2.2968,1.2398,6.0009,37.1176,5.8650,27.3336,26.9314,0.0000,10.0051,15.7267,13.4184,50.2334,36.4798,23.7951,54.3191,226.4826,25.6975,2.5808,0.4942
5719,Tumoral (01A),0.0000,1.4691,5.3704,2.2486,4.4034,2.0726,2.1078,0.8491,5.7341,20.4291,3.3101,14.6258,15.2950,0.2657,2.9569,3.4704,5.6183,14.2674,13.2502,7.1355,20.2070,20.7158,6.1227,6.1879,0.0000
5720,Normal (11A),0.0000,0.0000,3.5232,1.5564,3.3325,1.5635,1.4536,0.4565,4.2129,24.7506,1.3907,9.2983,8.3972,0.0000,0.0434,3.6048,4.1276,13.6308,15.3857,6.6223,24.3007,16.2773,5.2608,0.3083,0.0000
5720,Tumoral (01A),0.0000,0.0772,4.6898,2.1707,5.7806,2.4650,2.1785,0.4857,6.1161,32.1921,2.0884,13.4359,18.8778,0.0131,3.9851,7.6937,7.8292,19.0264,13.6041,11.3638,15.9725,14.5785,8.0718,7.3122,0.0000
5721,Normal (11A),0.0000,0.0000,3.7108,1.7909,4.0628,2.5289,0.9560,0.4542,4.3387,15.2759,2.1016,6.9882,7.6007,0.0000,0.0000,2.0746,5.4478,13.7590,11.8734,4.9619,19.0171,13.9190,3.4807,0.1024,0.0000
5721,Tumoral (01A),0.0000,0.0000,4.7942,2.1442,5.5437,2.1973,3.4386,5.4121,8.7876,26.1483,2.8948,12.6717,26.0558,0.5268,1.0638,3.5213,8.8216,38.1706,12.8568,18.3645,18.0417,21.8140,10.4476,1.0967,0.0000
5722,Normal (11A),0.0000,0.0000,3.4464,2.0282,3.9933,1.4004,1.3209,0.4382,4.4226,21.1613,3.7726,6.7049,4.5384,0.0000,0.0608,3.8277,5.0888,9.8278,16.2426,7.8858,32.2448,24.2851,5.6779,0.1641,0.0000
5722,Tumoral (01A),0.0000,0.0000,2.4661,2.9702,7.5722,2.9042,2.9976,0.9010,8.6485,34.4127,5.3459,18.0083,16.6805,0.0268,10.8259,4.0081,5.8813,21.6428,11.0850,9.7296,12.2361,58.2828,7.7253,3.6277,0.0000
5723,Tumoral (01A),0.0000,1.4599,3.5951,1.9882,6.1599,4.1333,1.9750,0.7263,5.5530,25.3790,1.4867,16.2921,22.4056,0.4040,2.0930,2.8511,8.6164,25.6819,15.5825,8.9827,14.2172,16.4574,6.4193,2.6800,0.0000
5724,Tumoral (01A),0.1398,0.0000,3.1736,2.3331,4.7989,3.8533,4.2126,1.6233,6.4019,27.4167,1.2861,25.0308,53.3817,0.1448,2.1444,3.3834,6.2455,24.4118,15.4845,10.5911,14.0244,25.3629,10.7522,5.2602,0.0172
5725,Tumoral (01A),0.0000,0.0000,10.2921,7.0335,4.1589,4.2517,5.1126,2.3170,5.9864,55.6582,4.6196,29.4910,39.2255,0.4535,12.8590,6.8739,11.2849,41.7635,14.9735,17.9412,34.2826,54.8576,24.0177,3.3506,0.0000
5726,Tumoral (01A),0.0000,0.0000,2.8478,3.1988,5.7104,2.7054,5.2374,1.2659,6.5941,35.0982,0.8223,27.2449,47.8013,0.0000,0.6724,6.1700,9.2731,23.9678,11.1309,15.4014,40.4866,26.2913,15.4875,0.5526,0.0000
5728,Normal (11A),0.0000,0.0000,2.7470,1.8416,3.1059,1.5307,0.8419,0.4135,3.5461,13.8830,1.1736,6.0271,5.2925,0.0199,0.0409,2.4477,3.8716,9.4689,12.9387,4.0481,21.1312,14.2610,4.2407,0.2053,0.0000
5730,Normal (11A),0.0000,0.0000,2.9599,1.5640,3.5961,1.2801,0.9467,0.2176,3.3451,30.8745,1.4090,7.5717,4.8319,0.0000,0.0349,2.8720,4.3293,9.5157,9.8924,3.6286,21.8690,15.7198,3.2662,0.0885,0.0000
5732,Tumoral (01A),0.0000,0.3264,5.1843,2.4095,5.4788,2.5846,1.6619,1.7066,6.9238,33.8749,1.7989,22.8116,7.8297,0.0389,3.3937,5.1181,7.7204,24.2926,14.8468,14.2956,40.4591,32.9547,12.1229,1.4882,2.2535
5733,Normal (11A),0.0000,0.0000,2.6462,1.4286,3.0096,1.6452,0.7412,0.2543,2.9658,14.7963,1.9710,5.8369,3.8807,0.0000,0.1589,2.2756,3.6288,10.6238,8.8760,4.5173,18.5406,13.1488,3.3535,0.0905,0.0000
5734,Normal (11A),0.0000,0.0000,2.3623,1.0998,3.5695,1.4975,0.6045,0.1332,3.3373,25.2523,1.5150,9.2535,4.4699,0.0000,0.0790,2.3271,3.8923,11.8986,14.1464,4.9929,22.4202,22.1275,3.4246,0.0364,0.0000
5734,Tumoral (01A),0.4420,0.9921,2.3556,1.8475,3.7956,1.6982,0.9502,0.2795,3.2825,15.5315,2.4625,11.2539,15.5760,0.0155,4.2964,2.5160,4.4217,12.6158,13.9582,5.5358,24.5953,33.7852,4.2663,3.3995,0.1063
5798,Tumoral (01A),0.0000,0.0000,3.7654,1.3964,5.1478,2.6662,1.2238,0.3696,4.2624,21.3330,2.4671,10.5679,5.6616,0.0094,1.6544,1.9785,5.8620,17.2724,13.5757,6.8045,19.3017,11.6373,5.2546,1.6981,0.0000
5799,Tumoral (01A),0.0000,0.0000,4.5291,2.1902,6.3846,4.6970,3.3844,1.9937,9.3618,43.6896,2.5320,22.1771,34.8882,0.0477,5.5180,6.5042,6.9577,33.6266,15.2231,14.7005,24.0256,39.4570,12.0395,3.4363,0.0000
5800,Tumoral (01A),0.0000,0.6043,16.4368,5.6640,6.6969,3.6683,5.1270,4.4771,9.0238,36.3706,1.7488,29.4743,83.6765,0.7848,3.3716,6.8423,5.7536,27.3730,28.5458,11.8001,27.0327,47.0369,12.2870,5.7084,0.1051
5801,Tumoral (01A),0.0000,0.0000,4.1083,2.3179,4.9827,2.2707,1.7865,1.6141,5.6132,23.9571,1.2118,17.8514,19.4558,0.0000,0.7630,4.1157,4.8070,20.9153,15.0130,7.6230,20.3707,29.7951,6.2942,0.2754,0.0000
5803,Tumoral (01A),0.0000,0.0000,4.1952,3.0637,7.1227,1.9654,3.1528,0.9819,7.0738,25.9540,5.2878,12.4936,15.5234,0.0000,4.0682,5.3000,8.4707,19.9892,18.5447,12.1277,23.9952,23.2621,10.8009,1.0020,0.0000
5804,Tumoral (01A),0.0000,0.0358,5.7176,2.0285,4.6384,3.2205,1.6551,1.4403,6.0747,25.5694,4.2139,16.5021,21.3880,0.0000,3.5478,3.9708,5.4565,22.8611,18.1569,8.5991,19.3954,28.5425,5.8525,1.7225,0.0000
5813,Tumoral (01A),0.0000,0.0000,4.9493,2.3288,5.1505,1.8360,3.7960,0.9796,5.3664,21.8506,4.9683,14.7054,16.8479,0.0456,2.3814,4.8277,6.3460,15.4248,12.3631,8.6565,13.2984,13.5374,7.9678,1.4731,0.0000
5816,Tumoral (01A),0.0000,0.1244,3.1798,2.3462,4.0378,1.2291,1.7315,0.6924,5.8907,15.9933,3.1749,8.2728,22.3909,0.0177,2.4946,4.1173,5.3322,18.3522,17.3602,11.6996,24.4740,66.3712,9.2946,2.7597,0.0000
5818,Tumoral (01A),0.0000,0.0000,2.9556,2.8321,5.2958,3.3549,2.6865,1.2691,6.9185,41.9300,2.3454,11.4266,21.0200,0.0000,3.5711,4.8899,5.1217,22.4562,14.5478,10.0226,23.2645,84.7970,9.0445,3.9599,0.0988
6177,Tumoral (01A),0.0000,0.0741,3.6602,4.4402,6.5693,3.4701,6.4624,0.6163,7.9509,34.4948,2.3417,16.0088,24.5231,0.0783,6.3136,9.0650,8.7384,26.7099,17.8764,10.6462,24.7148,109.4236,16.0512,17.9660,0.0000
6452,Tumoral (01A),0.0000,0.0248,4.3848,3.8106,7.5493,2.5603,3.2333,5.3161,7.2963,42.9598,2.1465,15.3800,25.4881,0.0224,2.3944,5.6376,10.5798,25.7749,13.9421,19.0863,25.4163,30.3423,13.0876,3.1716,0.0000
6453,Normal (11A),0.0000,0.0249,3.7059,1.8148,4.5246,2.1480,1.0042,0.2929,4.1351,27.4287,2.0215,7.8093,6.5052,0.0000,0.0324,3.3033,6.0855,15.1221,11.0940,5.9552,17.9819,17.1709,5.0764,0.2303,0.0000
6453,Tumoral (01A),0.1885,0.3851,3.7236,2.7959,5.7503,2.3472,1.5699,0.8508,6.5203,22.0056,2.6563,14.7050,16.7552,0.0000,0.1676,4.5797,6.6983,15.7261,12.3660,8.1026,11.9701,10.8253,6.8266,0.5169,0.0000
6454,Normal (11A),0.0000,0.2433,2.3547,1.4211,3.8473,0.8616,0.7952,0.2996,3.9034,15.3128,1.4882,6.1813,5.5927,0.0000,0.0170,3.2111,5.5293,12.5472,14.8728,5.9290,31.4369,26.7958,4.1220,0.4103,0.0000
6454,Tumoral (01A),0.0000,0.2789,5.8833,3.5209,5.1216,2.2165,1.9133,1.4590,7.8879,25.2281,2.5201,47.5456,16.8436,0.0244,1.0056,5.3943,8.2129,17.2753,12.5062,11.8690,14.3391,44.2138,12.5970,0.4365,0.0000
6455,Tumoral (01A),0.0160,0.0883,4.2441,4.6437,6.7981,3.4968,3.5188,0.2551,8.0637,54.3163,2.8363,22.2989,49.2378,0.0466,3.3788,9.2103,11.3108,36.7872,17.0064,22.0206,17.7032,37.4581,16.2096,0.7472,0.2395
6456,Tumoral (01A),0.0000,0.0000,3.8022,3.3325,5.5531,1.8219,3.3601,0.4993,5.2792,25.5028,6.7270,22.4567,51.8318,0.2678,3.4470,2.7695,5.6762,18.3231,40.9196,8.9411,26.9475,53.2527,20.5891,1.5586,0.0000
6457,Normal (11A),0.0000,0.2315,3.4518,1.4716,4.2035,1.1203,0.9012,0.2061,3.7588,31.4775,2.3346,6.4763,4.5760,0.0000,0.2510,2.9657,4.3719,7.8517,11.9678,5.4930,18.4842,15.9821,5.1262,0.2417,0.0000
6457,Tumoral (01A),0.0000,0.6040,3.5680,2.2711,5.0996,1.3670,1.8046,0.7856,4.6845,20.6058,3.1845,10.7775,9.3248,0.0111,3.4667,3.4592,5.6947,17.1658,13.7012,9.9659,18.3900,24.2626,9.3266,0.6930,0.0000
6458,Normal (11A),0.0000,0.2128,3.5910,1.8976,4.7530,1.3852,1.6484,0.3264,4.4965,25.7036,2.4872,7.0249,4.8691,0.0000,0.2558,3.2984,6.0935,15.3330,13.7095,10.0901,27.6805,44.8921,5.6883,0.2334,0.0000
6458,Tumoral (01A),0.0000,0.1348,9.5811,3.9545,7.9704,2.2829,2.2739,1.5012,7.6020,41.4063,2.4915,20.3367,41.3760,0.0074,2.8527,7.7503,9.5611,23.0324,21.7382,14.2127,18.5734,29.8056,20.3284,1.9265,0.0252
6518,Tumoral (01A),0.0000,0.0000,3.6631,2.3423,6.1205,2.9433,1.4261,0.7226,4.8877,21.1292,3.2501,12.0762,15.0857,0.1033,3.4055,2.8831,6.4733,16.2723,10.1886,7.7487,7.8603,9.4719,6.8357,8.5249,0.0000
6519,Tumoral (01A),0.0000,0.1600,6.2189,3.2569,6.5190,3.2518,3.7738,1.9568,8.1848,41.7845,0.5912,18.3319,33.0393,0.2075,0.8992,1.8923,5.0481,17.3006,18.5594,5.4771,20.3825,10.1755,6.2812,0.4372,0.0322
6520,Tumoral (01A),0.0000,0.0000,6.1324,3.3100,6.5440,2.0362,1.4973,1.2719,6.5959,18.7646,1.6783,20.7741,21.7053,0.1731,1.3578,3.5117,5.6872,11.3348,15.4183,7.2337,25.4779,34.9284,11.1414,0.4184,0.5493
6521,Tumoral (01A),0.0000,0.0273,5.2038,2.0822,6.1630,2.7593,1.4792,1.3927,6.3535,40.1143,5.4851,12.3753,14.2556,0.2337,2.0785,3.6687,5.7040,14.5607,9.4345,7.7218,13.7652,33.2673,7.3090,1.0735,0.0000
6522,Tumoral (01A),0.0000,0.0722,2.9449,1.8141,4.9367,1.8545,1.3530,0.5692,5.3910,14.8770,1.9514,9.9121,7.7837,0.0000,0.7282,4.5814,4.9152,12.4329,10.4281,6.7054,9.5055,7.6306,6.1388,1.2705,0.0000
6524,Tumoral (01A),0.0000,0.0681,4.3237,2.4561,5.9800,1.5292,1.8930,0.4346,5.9336,22.0666,4.4240,10.4385,14.8937,0.0000,3.1993,3.9216,7.8812,19.6220,16.2712,10.6369,24.2384,20.9514,10.1437,8.7912,0.0000
6525,Tumoral (01A),0.0000,0.0000,3.7445,2.6703,5.7387,2.1308,5.4596,1.7946,6.9212,59.4094,1.4981,20.1731,34.4440,0.1062,3.0927,5.9002,8.3504,23.9307,18.1273,16.4933,25.0141,45.4697,12.7959,1.0834,0.0291
6526,Tumoral (01A),0.0000,0.0838,8.4791,5.2101,8.3552,3.9112,2.7662,1.0906,9.0454,22.4242,1.8947,17.6339,43.2188,0.2205,1.3749,4.8564,8.8189,27.8749,27.9406,13.6103,17.1671,33.6459,30.1443,6.1040,1.6458
6527,Tumoral (01A),0.0000,0.0000,8.5131,3.0017,5.6223,2.6994,2.9017,1.9571,7.1472,43.7218,2.2248,13.5886,24.1133,0.0043,1.9925,6.8313,10.1090,17.1531,12.5700,11.3843,27.0570,28.4383,14.1063,2.9084,0.0000
6528,Tumoral (01A),0.0000,0.0000,9.6567,4.9732,7.4523,3.0066,4.7128,1.9064,7.2806,51.5534,2.9150,39.1831,90.0840,0.0000,6.0430,25.1297,29.0126,107.5697,83.2312,49.4460,64.9517,147.6474,73.8847,5.4657,0.0075
6563,Tumoral (01A),0.0000,0.0785,4.6051,2.3837,6.5287,2.7541,0.8406,0.4483,6.2401,26.4069,2.9579,9.2258,6.2018,0.0000,2.3354,3.1952,6.9024,18.4336,9.3416,9.0460,8.6307,11.3616,5.3833,0.3375,0.0000
6564,Normal (11A),0.0000,0.1730,2.8812,2.0318,4.6809,1.1141,0.9991,0.3212,4.8736,31.8275,2.8274,6.5125,4.9055,0.0000,0.0380,4.5836,5.8706,12.0697,13.1359,6.9493,19.3436,17.3166,4.5932,0.2535,0.0000
6564,Tumoral (01A),0.1872,0.0491,5.3605,2.3465,4.6504,1.6893,0.8408,0.8267,4.7700,16.9088,2.7174,8.9697,3.5643,0.0259,2.7463,3.5549,4.9218,14.6387,14.4263,7.6407,13.7887,11.8766,5.5321,0.4444,0.0000
6565,Tumoral (01A),0.0000,0.0000,5.3535,4.2317,5.3047,3.0105,2.8840,1.6891,7.3024,24.6195,3.0688,24.4911,50.9145,0.0386,1.4167,6.8346,16.7574,41.3503,28.6926,22.9732,27.2217,42.9718,36.2155,3.2412,0.0000
6566,Tumoral (01A),0.0000,0.0478,2.7412,1.6263,5.2082,2.5293,1.4944,0.6375,6.2955,22.3926,1.8242,10.1809,23.4598,0.0094,2.2638,4.5200,5.8983,21.1294,10.0128,8.1630,14.6077,15.5455,5.6544,2.9179,0.0000
6705,Tumoral (01A),0.0000,0.7185,3.8485,3.0006,4.9098,2.0966,2.1067,0.9970,5.6723,18.4146,6.2894,9.6337,17.3963,0.1557,1.7611,4.6988,6.2275,18.0041,13.1163,10.0329,11.6151,18.7987,9.7366,2.9277,0.0000
6706,Tumoral (01A),0.0000,0.3272,2.8221,2.7290,4.5879,2.0492,1.6382,0.7291,5.6724,16.7612,3.7846,12.3056,16.2991,0.0000,1.9348,3.7459,5.1494,17.9559,15.4524,8.3525,15.1196,39.0509,8.4631,1.6747,0.0171
6707,Tumoral (01A),0.0000,0.1138,2.6113,3.7703,6.2393,4.3169,3.1010,0.9115,8.5054,36.8607,3.6624,20.6753,34.6488,0.0000,18.5842,6.5727,7.7055,42.3400,13.0288,16.1876,19.6971,83.5631,11.1753,7.9376,0.0000
6709,Tumoral (01A),0.0000,0.0000,3.2869,2.9057,5.4570,2.8434,4.2470,0.7518,7.1213,18.4209,2.2950,15.4316,22.4938,0.0519,0.9782,4.5247,8.5837,22.7153,15.6046,14.6678,16.9845,17.5716,11.4500,1.6263,0.0000
6710,Tumoral (01A),0.0000,0.5259,2.7605,1.1619,4.4618,1.1739,1.7843,0.1584,3.2212,18.0450,3.5988,5.8567,1.3081,0.0000,0.0704,2.2433,4.7444,12.2533,24.0742,6.5200,21.8870,30.6289,4.7926,1.6454,0.0263
6801,Tumoral (01A),0.0000,0.4531,4.2814,2.5531,5.8505,2.3805,1.8018,0.4755,5.4176,21.9239,2.4878,23.1526,18.9716,0.1765,3.8024,3.5535,6.9043,26.6265,18.8925,10.0297,20.4028,29.4499,9.5832,5.7329,0.0000
6802,Normal (11A),0.0000,0.0000,2.7602,0.3430,2.9725,3.8163,0.2995,0.2184,1.9668,15.8836,0.5784,8.3647,3.1087,0.0000,0.0588,1.2102,4.8458,12.1064,7.4741,4.3839,9.1452,12.6161,1.7267,0.3239,0.0000
6802,Tumoral (01A),0.0000,0.3283,3.4799,2.7456,5.3938,2.3089,2.2553,0.6144,5.6111,18.8440,2.8762,9.4388,26.3614,0.0000,2.0954,3.7808,7.0441,24.0457,23.5070,10.2678,22.8408,28.9165,10.7168,3.6364,0.0000
6803,Tumoral (01A),0.0000,0.0000,3.6961,2.3213,5.8586,1.4623,1.6687,1.0914,5.4475,22.6619,4.3190,9.8318,10.2064,0.0000,2.1571,4.0702,7.1154,14.5054,11.0915,8.5522,13.6913,24.0549,6.8564,0.3004,0.0000
6815,Tumoral (01A),0.2652,0.4057,5.3454,3.7566,7.9276,2.2567,4.1356,1.6825,8.3301,57.2538,2.1935,22.9671,30.6431,0.5425,0.6902,9.6808,15.4194,31.4330,17.5258,18.0124,29.2723,27.9471,25.6862,4.1582,0.0000
6817,Tumoral (01A),0.0000,0.4859,5.0826,4.7885,5.7930,1.7462,4.7350,0.8790,9.7581,34.5176,1.8687,19.4368,24.2305,0.0518,0.7984,5.0880,10.5623,17.7337,20.1614,10.0950,28.3896,25.6916,15.3303,0.7083,0.0837
6818,Tumoral (01A),0.0000,0.2194,5.9110,4.7726,4.4975,2.9657,3.9908,2.8331,4.6723,16.8774,4.6507,7.9101,50.6420,0.2646,2.9193,5.2037,9.2179,19.9464,15.8383,11.4630,28.0010,22.0598,13.5220,3.4827,13.9506
6820,Tumoral (01A),0.0000,0.3909,4.8333,3.0128,6.4322,1.7509,5.2031,1.1276,7.7332,40.4425,2.4582,25.0210,36.7981,0.0078,4.7744,4.5191,7.7203,28.9091,13.5526,14.6253,45.4634,66.0250,19.9503,12.2564,0.0000
6822,Tumoral (01A),0.1169,0.0993,10.7211,8.1270,6.8803,2.4667,7.8225,1.3015,8.1160,49.6234,2.6987,34.9420,53.0083,0.0000,3.0862,8.9076,14.1189,33.1059,26.5570,17.3021,23.2920,22.7077,31.7211,5.2137,0.0000
6852,Normal (11A),0.0000,0.1465,2.5985,0.9193,3.1888,1.5329,0.8113,0.3466,2.8487,14.6258,0.7362,8.6363,8.0619,0.0102,0.0733,2.8188,4.8462,13.7091,13.4069,8.5587,20.3515,11.3422,4.1513,0.2411,0.0000
6852,Tumoral (01A),0.0221,0.1332,3.1878,2.9772,6.0637,3.2952,2.7061,0.7862,6.8287,22.1602,2.9246,14.6372,24.8559,0.0214,1.9742,6.0054,7.3197,20.8261,17.8786,12.1834,31.1730,43.9194,13.7511,0.6042,0.0268
6874,Tumoral (01A),0.4692,1.6177,5.0327,4.4301,6.5341,1.7434,4.3543,1.1021,8.8045,29.4139,6.8015,14.4648,31.2233,0.0610,17.5201,6.3924,8.6809,21.5471,20.3624,12.9691,27.5301,46.8720,12.4905,24.8737,0.0332
6875,Tumoral (01A),0.0000,0.0000,7.3910,6.6483,5.4027,3.3338,3.8203,2.3190,7.3089,55.1981,3.8570,31.3446,47.1336,0.6853,7.6503,4.5118,7.9555,23.1787,16.8651,14.3237,23.9058,35.2320,19.4145,8.9593,0.0134
7131,Tumoral (01A),0.0000,0.0000,4.7820,2.2438,6.2204,2.0302,2.7499,1.2133,7.1773,29.7626,4.1039,19.4444,21.4399,0.0000,8.4298,5.0951,11.7073,23.0953,25.6896,14.5688,38.3302,28.5312,13.3760,17.1854,0.0124
7132,Tumoral (01A),0.0000,0.1989,5.3530,4.3679,7.5690,2.4736,3.7621,0.8332,6.4488,36.8784,2.1438,11.6600,18.8126,0.0000,1.3415,3.4636,8.6756,19.1773,11.5836,11.6795,15.8379,10.1222,9.4153,1.3963,0.0050
7133,Tumoral (01A),0.0000,0.0000,14.9841,3.9133,7.5084,3.0381,4.1321,1.8168,7.1144,40.8833,2.8450,34.0459,30.4217,0.3699,3.0247,4.9369,13.4440,23.8872,14.1584,16.2784,16.1616,16.0275,16.1662,3.5757,0.0000
7134,Tumoral (01A),0.0000,0.2351,7.3701,3.9747,6.3753,1.8151,4.1078,0.3585,5.8380,43.7005,6.3253,13.0571,37.8466,0.0000,29.7031,30.1305,51.5272,112.0219,81.2584,85.6535,120.8901,237.5849,81.2048,54.2382,0.0000
7136,Tumoral (01A),0.0000,0.1408,8.7211,7.3907,6.5003,2.2989,2.3605,0.6967,9.3666,58.3074,5.6879,23.3821,59.2398,0.1178,5.3288,11.4754,19.5954,32.0371,29.6172,24.8886,30.4752,43.2512,33.1284,5.2507,0.0000
7196,Tumoral (01A),0.0000,0.0719,3.0587,2.7258,6.5921,2.3311,2.4341,0.6389,7.6345,33.4776,7.6649,13.8783,20.2403,0.0070,2.8632,4.9452,7.8560,21.6106,17.4418,14.3168,15.4964,48.3299,9.3383,2.4170,0.0117
7197,Tumoral (01A),0.0000,0.1191,12.6460,8.9480,7.2390,2.6848,3.6711,1.3585,7.3753,51.3912,3.2773,30.2813,53.8402,0.0786,7.2322,5.9575,11.5733,33.2994,23.6730,19.6190,22.3813,52.0820,20.8473,3.3220,0.1084
7703,Normal (11A),0.0000,0.0000,3.4815,1.6545,4.3547,1.8085,1.7804,0.3244,3.8616,27.2302,2.6754,7.0089,10.4132,0.0000,0.2152,3.6318,5.9760,15.5316,12.3608,10.6263,25.2945,16.6313,5.7865,0.3967,0.0062
7703,Tumoral (01A),0.0000,0.3675,3.5255,3.3856,6.7353,3.5875,2.7134,0.7677,5.8452,41.1913,1.1385,15.6301,29.8580,0.0000,1.4297,5.4147,7.3554,36.6830,13.9018,13.6425,24.8873,21.9607,9.9778,0.8688,0.0000
7704,Normal (11A),0.0000,0.1467,2.9586,1.4452,5.5578,1.5233,1.2104,0.1960,4.6583,25.7691,3.4203,7.6278,1.5653,0.0000,0.1361,4.9734,7.2378,14.4003,10.6973,9.8903,14.0532,16.3095,5.1096,2.0856,0.0000
7707,Tumoral (01A),0.0000,0.1330,3.6464,3.1437,6.1099,2.6174,2.5773,0.9867,8.1072,25.1847,1.6344,19.1417,48.5722,0.0000,1.2085,4.5846,4.2718,33.5548,13.1265,16.2381,19.8806,36.8509,11.7011,3.0490,0.0000
7715,Normal (11A),0.0000,0.0000,3.2703,1.5385,4.3295,2.8585,0.8522,0.2919,4.6147,17.9813,1.6323,8.9654,6.0549,0.0053,0.0869,3.1302,6.4902,16.1737,12.8063,8.9415,10.0937,14.5189,4.5199,0.3097,0.0000
7715,Tumoral (01A),0.0000,0.0000,7.4128,3.8938,5.6946,3.3444,3.1736,1.6013,6.0899,38.3546,5.4591,32.5843,101.9262,0.1223,8.4353,8.4602,11.4890,37.4757,21.1400,21.6660,26.0820,53.8046,30.4701,2.4473,0.0175
7716,Normal (11A),0.0000,0.0339,3.5858,1.1395,4.9035,1.5485,1.1513,0.3082,4.4507,26.7917,2.3335,8.7498,8.7600,0.0115,0.2109,4.2419,7.1270,14.3679,16.2939,9.7743,32.6884,31.6633,5.5808,0.1021,0.0000
7716,Tumoral (01A),0.0000,0.0000,4.4669,3.3716,8.3686,2.8751,3.2597,1.5533,8.5384,39.8184,2.4681,10.6628,38.4948,0.3286,1.4168,4.6384,5.8876,15.1480,12.2867,9.0994,17.5624,23.6240,10.5582,2.2231,0.2412
7717,Normal (11A),0.0000,0.0839,3.0202,1.1811,3.9174,2.4718,0.9804,0.3888,3.8467,16.1486,1.0713,9.9809,10.9737,0.0000,0.0902,2.5030,6.4188,16.3527,12.1548,9.3790,9.4672,11.3029,3.5546,0.4105,0.0000
7717,Tumoral (01A),0.0000,0.0000,4.1946,2.2778,6.6481,4.2728,2.3266,5.3175,6.5290,29.0428,1.9884,21.4504,57.4698,0.0000,7.6280,3.7736,6.8241,45.7879,10.5973,16.5747,15.5958,21.3176,10.8219,7.4396,0.0000
7722,Tumoral (01A),0.1982,3.3846,5.9826,4.2946,6.2699,2.8558,3.7997,3.6621,7.0746,30.4933,2.7484,14.4646,9.2297,0.0000,5.0377,4.6650,8.0817,26.5608,20.6557,9.9780,25.7558,72.0494,6.7299,1.4707,0.0000
7723,Tumoral (01A),0.0000,0.0000,12.7047,9.4198,11.8642,4.3609,6.5829,2.5323,12.0647,82.9672,4.7245,28.1878,133.1978,0.1513,2.8429,11.2902,14.7384,34.0285,23.6171,26.0790,16.6837,38.4279,31.5350,1.2142,0.0000
7735,Normal (11A),0.0000,0.0000,2.8527,1.6271,4.2331,1.7354,0.9341,0.2543,4.0550,21.8207,2.2668,8.8965,0.2079,0.0000,0.1630,2.8126,6.1409,15.5155,7.1652,10.1470,6.0516,7.3398,3.5504,0.3492,0.0000
7735,Tumoral (01A),0.0000,0.1737,7.1961,2.4030,4.1560,1.6851,1.9184,0.6392,5.1147,17.6771,5.9843,18.5664,25.2773,0.0967,8.7930,6.6043,8.5657,28.3468,15.8092,10.9888,21.0957,54.9342,9.5545,8.9277,0.0064
7806,Normal (11A),0.0000,0.0000,2.0357,1.3555,4.9149,0.9812,1.5405,0.0551,3.3994,14.7750,0.7702,11.3141,7.5456,0.0000,0.0526,6.6707,5.5538,15.5161,25.8222,8.9510,18.7320,14.5294,6.2230,0.0455,0.0000
7806,Tumoral (01A),0.0000,0.0014,6.8274,4.8093,8.3838,2.3629,2.6266,1.3290,9.1062,60.9537,1.3497,22.8191,24.8237,0.0391,0.5679,9.8266,11.8171,37.4616,20.1123,20.8630,33.1216,46.7991,14.3823,4.2003,0.0000
7808,Tumoral (01A),0.0000,0.0000,8.4822,10.1768,6.8925,3.0262,2.5256,1.1813,8.1465,26.5656,3.1435,16.0223,16.3324,0.1701,0.6043,4.5377,7.8458,29.2965,19.7048,8.0851,9.2340,16.9798,6.2178,0.1327,0.0083
7829,Normal (11A),0.0000,0.0000,3.0919,2.0714,5.4474,1.3903,0.9442,0.1951,4.3819,22.5309,2.7880,7.1753,0.7098,0.0000,0.0587,3.2819,7.5310,11.8525,12.7161,8.1157,9.3138,8.3129,4.1234,1.5731,0.0000
7829,Tumoral (01A),0.0000,0.1929,3.9824,4.2760,5.6049,1.7475,3.1963,0.4355,5.6200,20.5520,5.3507,26.5297,39.7038,0.0453,5.4653,12.3007,19.8970,69.5842,27.3869,42.1207,47.7460,66.4751,31.1476,2.5018,0.0000
7851,Normal (11A),0.0000,0.0549,3.7763,2.8452,4.6295,1.1948,2.1515,0.4279,4.2639,49.9793,1.3506,10.1123,15.3924,0.0357,0.0420,3.7887,6.6106,12.7490,14.6835,6.2026,25.9030,27.0826,4.7264,0.2524,0.0000
7851,Tumoral (01A),0.0000,0.2950,3.8495,4.2872,8.5207,3.0562,3.5207,2.6989,6.8185,55.8289,3.6980,15.0063,36.1090,0.0070,2.0846,6.0477,8.2043,34.7667,11.6931,21.1272,24.9839,45.9410,12.9564,1.6717,0.0000
7901,Tumoral (01A),0.0000,0.0000,10.3845,5.7677,5.0001,2.1932,2.5035,1.5173,4.5073,38.7779,7.1711,19.6182,27.3472,0.1248,8.0084,8.6303,14.7350,32.0239,39.7400,17.5949,33.5321,80.6223,15.1235,1.5724,14.2457
7916,Tumoral (01A),0.0000,0.4871,6.1362,5.1410,7.2891,2.9869,4.6239,1.6497,7.1967,43.0374,4.2986,15.3974,22.5393,0.0072,2.0369,4.4149,8.8990,19.0188,13.2103,11.4520,18.2777,35.1413,8.9880,0.8921,0.1050
7957,Tumoral (01A),0.0000,0.0000,3.2052,4.7161,8.2474,2.0451,3.5472,1.6379,6.7185,44.2219,5.8312,14.3554,16.6446,0.0068,3.1746,5.5694,13.8844,24.5958,10.7507,15.8675,14.7320,12.7240,15.2420,2.0616,0.0000
7958,Tumoral (01A),0.4364,0.6006,3.4374,4.8554,6.4127,2.6502,6.1650,1.5559,7.8187,35.1545,4.0027,17.1874,40.5653,0.0000,1.5975,4.6363,8.3749,21.2725,12.0585,12.3386,17.9322,46.9507,10.8281,0.8047,0.0000
7959,Tumoral (01A),0.0000,0.1125,6.2982,6.2175,10.5082,2.2190,4.3523,1.5169,8.8998,38.5891,6.3464,19.5628,20.0208,0.0234,6.8316,5.1241,9.9508,28.0197,17.5068,16.8838,16.1963,24.4792,13.7480,4.2066,0.0000
7968,Normal (11A),0.0000,0.6099,3.0286,3.0206,3.5107,1.8125,1.7264,0.2410,3.0688,14.3784,1.0786,10.7637,5.5923,0.0319,0.1663,2.6439,5.6275,17.0538,23.4558,6.0674,21.4261,50.9638,7.4091,0.6734,0.0000
7968,Tumoral (01A),0.0000,0.1170,7.9261,7.3098,6.8105,3.3823,6.2414,1.6277,10.9511,72.4281,13.1315,26.7399,37.3920,0.5418,17.2842,7.4736,12.9609,35.4902,19.9784,21.5101,25.4806,68.6943,22.5216,13.3651,0.0000
7998,Tumoral (01A),0.0000,0.1146,4.0520,4.8366,6.3787,2.7890,4.5803,1.5092,7.7554,30.2556,7.4195,13.8923,23.9325,0.0000,0.6544,4.9977,9.4082,15.9873,14.1101,15.7249,13.2809,40.5827,10.7718,0.3476,0.0651
8058,Tumoral (01A),0.0000,0.2648,6.2626,4.4277,6.9941,3.8267,3.6738,3.3106,6.7926,41.7015,5.1697,11.7410,16.5852,0.0831,2.9608,3.7894,7.5005,18.0672,7.8962,10.2962,15.9039,21.0977,7.6628,1.5552,0.0000
8059,Tumoral (01A),0.0000,0.0000,5.4843,3.0134,5.6841,2.6714,1.8203,1.4015,4.7548,20.8964,4.7796,17.5187,21.7753,0.0000,5.5796,4.6256,10.5039,55.8493,19.8047,21.5877,36.8739,28.1256,12.9293,6.4239,0.0000
8060,Normal (11A),0.0000,0.0000,3.6303,2.3871,4.6928,2.2898,1.2966,0.1870,3.4001,24.3468,3.2171,5.4693,1.0252,0.0000,0.1290,2.4351,6.3793,12.5089,8.0617,6.6383,14.5686,14.8496,4.7559,0.7522,0.0000
8060,Tumoral (01A),0.0000,0.1579,13.8974,6.7484,5.2150,2.9605,4.2339,3.8706,5.1605,41.2674,5.4193,18.7720,55.4149,0.0385,6.3601,7.2751,12.8247,33.0972,17.6749,20.0030,20.9228,15.4789,25.4998,5.2763,0.0241
8077,Tumoral (01A),0.0000,0.0000,5.4021,7.6942,5.4626,4.9846,2.5908,0.7806,5.9169,44.4292,3.6874,31.8610,27.7369,0.1546,4.8528,5.1483,11.3108,46.7366,19.6458,11.5473,19.4051,34.7064,12.3992,7.4211,0.0000
8078,Tumoral (01A),0.0000,0.1901,3.6452,5.2718,11.8425,3.8883,6.4955,4.3127,10.7054,69.4028,4.5395,17.4979,43.9355,0.0354,4.9657,4.9389,16.5456,34.7083,9.3065,19.3412,15.3393,47.7894,13.9093,0.8070,0.0099
8080,Tumoral (01A),0.0000,0.9446,7.6990,5.3346,6.5034,2.4749,6.9664,2.9110,6.3087,33.6245,5.2624,10.9046,15.7576,0.0000,2.4712,3.8352,8.1026,20.8795,9.6473,12.3277,11.3871,16.0688,9.7936,3.4253,0.0000
8081,Tumoral (01A),0.0000,0.1323,3.5568,3.1716,5.3097,3.0610,2.1866,0.7611,6.5923,27.1176,2.8316,16.3243,22.6997,0.0000,1.0606,5.2105,9.8307,26.3886,14.4904,9.8648,16.4261,19.7548,14.2125,1.6688,0.0000
8099,Tumoral (01A),0.0000,1.1617,6.8602,6.6592,6.0932,2.9771,3.7697,2.7908,8.5892,35.4118,4.0939,21.8104,41.3085,0.1575,4.5776,6.5110,14.0153,44.3266,34.4905,25.0194,45.1893,155.0548,25.3024,0.9323,0.2759
8122,Tumoral (01A),0.0000,0.4047,11.7609,8.3610,5.1566,2.4642,3.6863,2.8150,7.4413,32.5005,4.4555,23.7509,53.4147,0.0282,4.2358,9.0213,19.6067,47.9195,35.5567,29.2051,41.6347,52.2424,30.2048,14.7492,0.0537
8209,Tumoral (01A),0.0000,0.0000,4.3226,4.0955,5.7039,1.7749,1.8182,0.9013,5.3579,25.7742,5.2879,6.1348,3.6490,0.0000,1.0660,3.5564,8.5785,15.3250,10.9784,9.7392,9.4568,13.1167,7.4016,0.3482,0.0813
8210,Tumoral (01A),0.2619,0.0000,5.6123,5.1210,6.0055,2.3896,2.4933,0.9260,6.0285,26.3988,5.2793,9.7933,7.7726,0.0000,0.4466,4.5731,8.2791,20.3426,12.3425,10.7797,13.4051,12.5670,9.3969,0.2845,0.0755
8211,Tumoral (01A),0.0000,0.6513,12.1787,5.3392,3.5247,2.2777,1.9780,1.6433,3.9298,19.4953,3.4333,20.1382,27.0251,0.0000,9.0902,3.7873,10.1042,26.2094,16.2734,10.1640,33.1496,37.5185,11.7118,2.8750,0.0000
8238,Normal (11A),0.0000,0.1181,2.7580,1.2141,4.6348,1.1395,0.5859,0.2383,3.0628,55.9930,0.8254,9.2259,5.2993,0.0000,0.0167,3.0273,4.0119,12.9347,13.7606,6.6976,33.6924,20.7742,2.5067,0.1533,0.0000
8238,Tumoral (01A),0.0000,0.7085,5.2100,5.3361,9.4791,2.7652,5.1529,1.7510,9.6781,43.8991,3.9536,20.6241,33.7599,0.0278,2.5246,3.4197,6.9819,28.8654,16.6374,11.6140,32.0499,21.3920,11.7160,2.7460,0.0970
8244,Tumoral (01A),0.2422,1.0588,10.5334,6.0909,8.2327,2.6712,5.6153,1.0695,5.1727,35.9210,0.7244,18.2517,43.9198,0.0345,0.3717,5.1833,8.1904,21.2473,11.7429,9.4478,23.5615,11.6690,10.9427,0.4629,0.0439
8284,Tumoral (01A),0.1077,0.2105,5.0656,3.9711,5.7046,3.2355,4.0199,1.5865,6.6596,36.1296,6.5398,12.6102,27.1989,0.0522,2.5786,4.1445,9.4277,33.1952,11.9003,16.6385,21.3543,37.3086,11.6510,0.8954,0.1303
8286,Tumoral (01A),0.0000,0.2644,7.9304,5.6931,7.3312,2.4897,5.5568,2.9201,6.3521,43.8485,5.1241,19.6973,43.2327,0.0626,5.6504,7.9276,12.6757,28.8819,20.2835,12.8907,30.7697,33.5498,16.6654,2.3256,0.1347
8289,Tumoral (01A),0.0000,0.1261,11.5645,4.9865,8.4455,4.4649,4.6309,2.4673,7.3445,44.9945,2.6769,27.9064,59.5016,0.8613,2.6917,7.9071,10.0987,35.9861,12.4323,23.6644,18.7847,15.5228,17.1489,0.2268,0.0000
8291,Tumoral (01A),0.0000,0.3335,4.8133,3.7248,5.9474,2.5713,2.8004,1.2526,5.3908,36.6760,6.6582,12.6856,10.4974,0.0093,1.9334,4.7289,7.8045,19.4345,11.5183,10.8813,16.9941,42.7344,8.6333,1.7586,0.0165
8297,Tumoral (01A),0.0000,0.1144,4.9013,4.2088,5.2974,2.6834,2.1299,0.8138,4.3151,27.2323,2.9313,13.7751,13.0931,0.0000,1.6076,4.1075,10.1542,27.2268,13.6040,12.4160,19.4758,14.5228,11.1529,1.7124,0.0000
8361,Tumoral (01A),0.0000,0.5817,6.4649,3.9116,8.3551,3.2382,2.9179,2.3601,8.4015,43.5792,5.4261,13.2247,29.9606,0.0083,7.9201,4.8451,10.2403,33.8933,16.3909,23.6328,19.5335,46.6988,17.6717,1.8592,1.0253
8362,Tumoral (01A),0.0000,0.0000,7.0076,5.2360,5.9034,1.5289,3.8627,1.2371,6.1341,28.1615,4.5027,11.1645,21.0884,0.0419,4.5375,4.3881,8.1917,18.5543,13.1255,10.8515,24.6793,19.2455,11.2530,4.6075,0.0492
8363,Tumoral (01A),0.0000,0.2200,3.1782,4.4525,9.7020,3.7530,6.7441,0.7432,9.7176,43.3618,2.4765,10.4371,39.9104,0.0293,0.7504,5.6703,12.0654,34.4807,15.8429,19.7495,18.2557,15.5445,12.6965,1.2491,0.0839
8364,Tumoral (01A),0.0000,0.0000,5.6934,3.7513,6.2650,1.4904,1.7263,0.9568,5.8288,30.0997,5.2635,9.1313,4.8855,0.3901,2.0868,4.1315,8.3668,20.3315,11.2513,11.6678,12.8818,16.6228,8.5513,0.9651,0.0000
8365,Tumoral (01A),0.0000,0.2120,3.8291,3.7636,6.1371,2.4779,1.7042,0.6258,5.2665,29.4045,5.8485,8.6986,4.6094,0.1241,2.0346,3.8122,8.7424,20.3271,11.1992,11.0333,12.0237,14.6396,6.8803,0.6987,0.0000
8366,Tumoral (01A),0.0000,0.2274,2.5352,4.0715,7.0063,2.6482,3.9638,0.5914,6.6712,33.0639,2.6929,13.4309,13.7858,0.0309,2.1724,3.1554,7.9675,20.9701,12.6394,7.2391,15.8200,14.1368,7.7776,0.9294,0.1111
8367,Tumoral (01A),0.0000,0.4332,7.3080,5.5725,6.8801,2.7520,2.8822,1.1606,6.3867,45.1372,10.1201,9.7153,15.0571,0.0083,4.1189,4.5626,11.4232,29.0825,10.8396,19.2086,26.0421,16.6173,12.2095,1.9382,0.0125
8368,Tumoral (01A),0.0000,0.0000,3.6876,6.1345,7.0990,3.1738,5.6099,1.3328,7.4340,41.5743,2.4082,17.1404,49.3251,0.0148,6.3912,5.5112,13.4073,40.8333,10.6615,20.0992,31.9078,25.7221,13.0716,4.1405,0.0720
8369,Tumoral (01A),0.4161,3.6920,7.6322,6.9861,6.8620,1.8547,3.3649,1.9326,6.3026,37.0174,2.5189,19.7692,35.0663,0.0272,1.1345,4.5503,12.3657,42.3808,18.4683,19.8828,21.7766,20.1593,14.0516,0.6840,0.0777
8371,Tumoral (01A),0.0041,0.2284,4.9130,4.8425,6.2682,1.9370,0.9312,0.6270,5.6727,18.1925,1.6199,9.3932,2.8410,0.0000,0.3614,3.8531,7.6423,22.7553,9.9158,10.2698,9.2306,8.3585,4.8291,0.2442,0.0000
8372,Tumoral (01A),0.0000,0.1605,6.8759,2.6069,5.1909,5.7447,1.8462,0.5524,6.2118,43.6119,1.1940,23.0982,19.1570,0.0065,1.1238,4.1903,16.7772,34.8369,16.8595,25.2170,14.8880,25.8642,11.2877,1.1616,0.0176
8373,Tumoral (01A),0.0000,0.2773,8.0685,8.5340,10.6957,1.9630,4.0876,1.5384,6.9014,71.8908,4.5755,20.8229,19.0270,0.0226,1.5199,5.1165,13.1216,26.3903,21.7397,18.6534,29.4252,50.5097,22.3739,1.5862,0.0000
8380,Tumoral (01A),0.0000,0.0649,4.5430,3.2775,6.2197,1.7705,2.8666,0.7083,5.2696,30.6568,2.5236,8.4108,9.7408,0.0257,0.6208,5.3078,8.4271,22.7617,9.7054,15.8980,9.6904,9.0996,7.6449,0.5922,0.0440
8381,Tumoral (01A),0.0000,0.7677,5.9621,5.2547,8.1049,3.1112,4.1511,2.4112,8.7000,48.4349,2.3810,18.6369,33.9602,0.0000,1.9833,5.4112,9.4755,29.3282,13.4288,14.2089,11.4927,31.0200,10.3125,2.4864,0.0285
8382,Tumoral (01A),0.0000,0.0000,5.1875,3.2666,6.7592,3.5468,3.3048,0.6810,6.3295,37.7675,2.4915,13.0707,20.8284,0.0202,3.3288,5.0314,10.1099,37.7844,15.4437,18.4455,21.0447,23.6740,9.9908,2.3180,0.0111
8384,Tumoral (01A),0.0000,0.1673,4.5641,3.9475,6.3794,1.4231,1.3777,0.7052,5.3256,29.5636,5.3548,7.7479,3.1962,0.0000,0.9210,3.8624,9.4377,19.8952,11.2242,14.0269,10.6665,14.0892,7.0554,0.5038,0.0000
8462,Normal (11A),0.0000,0.3031,3.6155,2.7007,3.7110,1.0906,2.1681,0.1369,3.4111,15.5151,0.5456,11.3857,7.7430,0.0000,0.1115,4.2677,5.8990,19.8039,20.5172,8.8369,24.0801,7.5128,8.1202,0.1686,0.0000
8462,Tumoral (01A),0.0000,2.1420,3.9973,4.3678,4.5988,1.8856,2.0988,0.9413,4.6507,15.2779,2.8298,9.2544,14.3961,0.0387,0.9254,2.9303,7.0325,25.6396,26.2590,6.4613,19.9346,24.5277,6.1073,0.5433,0.0083
8483,Tumoral (01A),0.2456,0.4226,10.6864,7.8208,6.6603,3.7275,3.6366,1.9414,6.4166,37.9862,1.0467,34.2157,47.8619,0.1190,2.4787,4.2763,10.0846,29.2849,21.8899,13.3471,19.5878,38.5948,12.6021,0.6481,0.0000
8484,Tumoral (01A),0.0240,0.8921,9.6869,5.8399,8.8922,3.2209,2.7264,2.3218,8.5766,58.8242,4.2644,18.1361,26.3347,0.0258,0.8703,6.6700,11.5852,27.4647,19.3529,18.7967,19.6369,44.6233,13.2278,0.3801,0.0000
8485,Tumoral (01A),0.0000,0.0000,10.0986,9.7729,6.5558,2.0978,3.7654,1.5640,6.9641,51.3475,5.4082,31.4203,76.4781,0.5853,4.7742,7.9265,14.2717,33.2583,18.8504,19.9884,20.2850,32.8632,24.6192,6.9343,0.1124
8486,Tumoral (01A),0.0000,0.2165,9.4746,4.7103,7.7290,2.1401,4.4988,0.9795,7.8492,38.6573,11.7000,21.0514,31.7640,0.0557,13.9804,39.8860,42.1935,127.6416,82.6842,69.7007,67.6586,209.0517,46.9603,15.9438,0.7247
8487,Tumoral (01A),0.0000,1.8300,6.6531,1.9435,6.0264,3.6806,2.4859,1.5162,6.6519,34.4327,2.1822,16.9574,22.2178,0.0058,2.4815,3.8498,5.8028,45.4991,11.8778,16.7049,11.3340,90.1324,9.3436,1.1418,0.0161
8524,Tumoral (01A),0.1459,1.2212,6.5676,5.8878,8.0118,2.7614,1.7627,2.4119,5.8007,37.3674,2.2813,17.5984,23.3091,0.0096,3.9599,5.2112,6.8272,39.4716,17.3105,18.5128,16.1900,22.8850,8.2372,0.1154,0.1334
8526,Tumoral (01A),0.0000,0.3113,35.3458,8.0709,13.8624,3.8527,5.6254,7.5126,12.9870,61.4913,5.2120,49.9422,90.5949,0.9592,3.0678,12.0540,10.6244,43.2873,18.8889,22.9504,24.8964,25.0978,25.4461,3.8642,0.6348
8528,Tumoral (01A),0.0000,0.5737,6.6935,6.5047,6.6758,2.8127,2.7096,0.3134,8.6792,58.7652,1.9588,17.8977,37.7766,0.0071,0.9794,4.6752,10.5776,36.4733,7.6844,28.2790,7.3331,15.6214,23.0010,1.9946,0.0000
8529,Tumoral (01A),0.0628,0.7037,12.8918,4.6877,5.6560,1.9820,2.5169,0.7471,6.0638,22.8193,7.9175,19.7583,13.3285,0.0471,5.1300,5.0321,7.2514,22.4528,19.2705,15.2482,18.8413,38.0659,10.6839,1.5522,16.6345
8530,Tumoral (01A),0.0000,1.5303,8.7455,6.7886,6.4013,3.7010,1.8325,1.7597,5.4986,32.6312,12.6455,16.6527,21.8569,0.0000,12.1835,4.2468,7.4615,33.0819,12.3273,15.9280,10.8611,19.8265,10.0246,24.7491,0.0000
8531,Tumoral (01A),0.0000,0.0000,4.3062,7.0975,6.4788,3.5721,6.5634,4.7407,6.6766,24.1278,1.4852,13.9294,45.0104,0.0000,0.3626,3.9724,12.8583,28.2402,17.2342,15.1754,7.2207,2.9305,9.3386,0.4370,0.0000
8532,Tumoral (01A),0.0000,0.8401,9.2265,3.6577,6.3084,2.5976,3.3065,2.4503,6.7347,46.1100,3.5400,21.2580,18.1009,0.0597,2.0885,3.0758,4.9027,14.2710,8.5359,7.3035,14.3711,32.7840,6.5814,1.5045,0.0000
8533,Tumoral (01A),0.0000,0.3540,17.7838,12.1851,9.7379,6.8555,5.3422,6.7606,8.7171,79.3122,2.3604,41.6155,79.8909,0.2229,1.7324,6.6474,13.1076,30.8549,25.1614,22.7754,30.0162,10.2692,22.7770,12.6841,0.0000
8534,Tumoral (01A),0.0000,1.8333,7.3772,7.6121,9.0872,3.5298,4.1951,4.0090,7.8462,49.7627,4.8200,12.3084,19.8426,0.0000,0.2188,6.1283,9.7520,29.0295,15.6914,10.7107,16.8577,14.6431,12.0773,0.1860,0.0187
8535,Tumoral (01A),0.0000,0.0000,18.4120,14.0826,16.2154,10.1521,12.5313,9.0033,11.6336,146.7370,4.6664,61.3469,93.7494,1.1376,11.7902,7.3538,15.2768,38.4622,20.9863,19.7744,17.1842,51.6038,15.9875,6.4653,0.0343
8536,Tumoral (01A),0.0000,0.7131,4.2976,1.2673,4.8742,2.7174,2.5049,0.3822,4.3018,26.7529,1.1855,13.0271,29.2698,0.0000,2.3690,2.7104,9.7458,40.5008,18.8981,19.4558,25.1657,49.6105,8.3335,3.0438,0.1340
8570,Tumoral (01A),0.0000,0.0260,7.9173,4.4340,5.3635,3.1115,2.3284,1.9572,5.8726,33.0329,3.6974,16.3168,28.5075,0.0000,1.6759,6.5055,7.7059,21.7248,10.8847,12.7356,14.4083,35.7790,9.2276,0.6352,0.0062
8572,Tumoral (01A),0.0000,0.4078,8.7938,8.4077,8.1084,2.3844,4.9042,8.3162,9.5051,47.4112,4.2980,21.6961,29.6944,0.7135,2.7504,5.1911,10.8657,28.9941,19.2663,19.0550,15.7208,30.0146,24.8008,3.6957,57.2522
8573,Tumoral (01A),0.0000,0.4633,4.1869,6.9782,8.0991,3.8585,8.2425,3.3718,9.5099,59.3881,2.1352,33.7357,74.7167,0.3186,2.7210,5.6522,14.1916,38.9880,9.9129,18.8430,41.0993,44.4445,21.2838,4.6019,25.2605
8574,Tumoral (01A),0.0000,1.0801,6.1516,7.1726,5.9602,1.8463,1.9349,1.1448,6.6793,29.0486,2.5799,8.8498,6.4015,0.0000,1.2989,4.9082,8.1637,20.9241,13.5824,11.2269,11.6436,10.1124,7.8929,0.3161,0.0748
8575,Tumoral (01A),0.0000,2.7485,7.8385,5.4059,7.9847,2.0512,1.8335,0.9558,6.6837,57.5784,2.8436,10.3834,6.9505,0.0171,0.3029,5.2147,9.0741,19.5701,17.7603,13.0649,28.1139,23.9881,10.2284,0.3875,0.0508
8576,Tumoral (01A),0.0000,0.5862,6.3236,4.4036,6.6962,5.0938,2.8342,5.6715,6.8060,44.0456,3.7059,35.7691,50.7377,0.0209,1.0241,7.0169,11.3429,28.1233,18.2247,17.1537,27.6487,30.7781,18.3815,1.9496,0.0086
8578,Tumoral (01A),0.0000,0.3851,6.6385,4.4249,4.8740,1.7515,2.0336,1.5697,5.4211,29.7838,4.0843,21.0802,21.9307,0.2307,2.4441,4.5781,8.9012,18.5922,16.2486,10.7694,19.1724,37.0389,10.0404,1.5960,0.0762
8579,Tumoral (01A),0.2637,0.1445,8.0108,5.0548,6.1637,2.0203,1.4522,0.8846,6.6600,34.5975,4.2736,12.6242,9.0239,0.0385,0.5181,4.8180,8.2561,22.8162,13.2907,18.7772,15.8126,11.2342,9.2305,0.9411,0.0264
8588,Tumoral (01A),0.0000,0.0000,6.6344,5.3612,5.4783,2.2592,3.0959,0.8221,5.8798,34.6120,4.2070,12.4046,20.4309,0.0000,2.3715,5.1272,9.3769,25.2112,11.6573,13.0731,11.8185,24.9704,9.1809,0.9744,0.0000
8589,Tumoral (01A),0.0000,0.0000,5.6648,4.8188,9.6079,4.5974,6.3413,2.1761,10.8270,79.3551,5.2635,22.5443,42.0133,0.0000,3.9088,6.9902,11.7434,28.5793,13.5671,17.4839,13.1628,37.0375,11.2262,0.9557,0.0463
8590,Tumoral (01A),0.0000,0.1873,5.6700,4.2254,7.3121,2.4926,4.1406,1.1564,6.2831,40.0368,3.4115,16.7050,17.6813,0.0218,2.3221,4.5932,11.4831,20.1601,12.3141,15.1398,19.8669,10.2523,11.9289,0.4168,0.0230
8591,Tumoral (01A),0.0000,0.2319,5.3529,3.8340,6.8123,2.5488,3.3827,0.7985,8.1935,43.2790,3.8829,12.5415,27.5736,0.0000,4.4226,6.8088,10.5576,33.7176,14.4578,21.3705,26.5915,55.8361,14.5818,4.1234,0.0000
8592,Tumoral (01A),0.0000,0.0000,4.2424,4.1593,6.1197,1.8639,1.4493,0.6682,5.6697,30.3710,4.2243,8.4068,4.7627,0.0415,0.9298,4.3975,9.1256,17.0446,11.0843,12.2625,9.3500,10.6500,6.4395,0.6396,0.0000
8602,Tumoral (01A),0.0000,0.6736,4.9331,6.3887,8.0188,3.6484,8.1064,3.0981,8.1342,65.0167,3.2491,15.2379,58.5572,0.0000,4.5553,5.3329,10.7318,37.9658,13.6104,31.0231,22.6641,32.4747,20.2030,8.7987,0.0000
8604,Tumoral (01A),0.0000,0.0000,4.5265,4.7393,7.8542,4.6526,8.1701,1.4544,8.5638,35.3525,4.4821,28.3283,50.5251,0.0414,11.5483,5.6615,9.4636,36.3749,13.4093,14.8672,8.0588,30.8487,11.9365,36.5567,0.0000
8608,Tumoral (01A),0.0000,0.5474,6.0911,4.9880,7.1293,2.8453,4.4579,1.4734,8.8490,40.2874,7.8294,15.8734,34.1796,0.0000,8.8491,7.2946,9.3412,34.9051,16.4918,25.8172,17.8059,61.2997,20.0394,11.7338,0.0000
8610,Tumoral (01A),0.0000,0.1485,5.9933,4.6409,6.8705,2.1817,2.5166,2.7303,6.4655,47.3485,6.7818,14.6207,19.5908,0.0000,9.9531,5.1471,7.0551,26.3007,15.4905,17.5492,30.6668,47.9939,12.6874,50.4030,0.0000
8631,Tumoral (01A),0.4263,0.4512,13.0181,6.3765,6.7120,5.1884,3.5459,1.3187,5.9511,35.6593,6.7155,19.5312,28.1011,0.0784,21.4644,10.1135,12.4981,36.0993,46.3118,21.1822,45.5437,112.4279,18.1394,1.9579,0.3170
8663,Normal (11A),0.0000,0.0000,2.8971,1.9022,4.6374,1.3570,1.1890,0.0748,2.6139,17.1011,0.2914,12.9025,6.8644,0.0000,0.1291,4.1209,5.6732,18.3616,25.5122,9.2005,14.6155,10.5467,5.8484,0.0640,0.0000
8663,Tumoral (01A),0.0000,0.1983,5.8842,5.8621,11.0815,4.0524,8.0227,1.3787,9.5910,63.9505,3.1456,15.1895,39.8758,0.0000,2.7505,5.3379,11.3050,30.8414,26.8716,20.0694,25.8882,53.4066,18.1200,0.2115,0.0000
8677,Tumoral (01A),0.0000,0.1482,4.3059,3.7405,7.3260,2.7698,3.2325,1.6348,7.0952,32.6669,5.7359,22.1947,23.7504,0.1022,1.0075,5.4948,10.3311,38.2998,20.2560,20.9738,18.2972,38.6314,13.9611,1.5154,0.0480
8678,Tumoral (01A),0.0000,0.0000,15.9962,13.1060,11.0514,4.7844,10.7476,4.8587,12.3283,127.9008,3.7699,36.5429,66.9351,0.9754,4.2526,13.0904,22.1609,51.6062,35.4012,38.9637,35.5218,38.3098,34.2106,1.5716,0.1577
8679,Tumoral (01A),0.0000,1.0986,7.6300,8.6629,7.9777,2.5480,3.3018,0.9598,8.0349,44.2024,2.8428,30.1461,56.1408,0.0095,2.1938,8.2553,16.3156,40.8533,28.4905,23.4466,29.8997,27.3208,22.6636,1.4810,0.0137
8680,Tumoral (01A),0.0000,0.4589,9.9511,12.8214,9.1382,3.7576,6.9998,1.3152,7.4403,59.1420,0.9867,20.2539,49.7775,0.0227,4.5183,7.5108,14.8731,54.4404,18.8941,20.8701,14.7619,83.4980,17.7565,0.8676,0.0431
8682,Tumoral (01A),0.0000,0.0130,6.0172,4.1044,7.5023,2.1376,2.8576,0.4895,6.4648,26.9621,4.0830,13.3100,10.1429,0.0413,2.1729,7.5611,8.5646,18.1579,14.9645,15.4099,22.5040,23.3109,11.1570,0.3427,0.0000
8683,Tumoral (01A),0.1415,0.2049,6.8648,6.3922,9.3204,2.1351,4.8347,1.9154,6.0695,66.6924,19.2021,19.5511,36.7546,0.1465,27.1401,80.0070,59.5661,100.6359,150.7877,69.4068,256.5160,328.5792,127.1570,3.5320,0.0149
8686,Tumoral (01A),0.0000,0.9179,4.1810,6.1170,6.8251,3.4494,3.1478,0.9415,7.2540,39.5541,8.3226,16.5613,21.1985,0.0000,0.6365,6.5174,10.5945,27.4872,18.0011,17.0030,19.3876,142.4206,10.4466,0.2018,0.0000
8687,Tumoral (01A),0.0000,0.4442,8.6606,3.1188,5.3988,3.0999,2.6033,2.0945,4.7282,48.2458,2.1097,14.0506,9.6180,0.0133,3.1843,3.5215,10.5682,36.0328,10.3281,18.9465,24.8287,23.3557,9.8031,1.3820,0.0000
A448,Tumoral (01A),0.0263,4.5339,4.2018,3.8607,5.7017,2.6621,3.2048,0.5147,5.7377,27.7105,5.8139,9.7484,15.3192,0.0000,7.9427,4.5770,7.4360,31.8007,12.6380,14.2853,19.1314,36.3914,7.7464,8.5107,0.0405
A44T,Tumoral (01A),0.0588,0.0640,4.2748,5.6192,5.7355,2.8506,1.3964,1.3093,6.2038,17.3241,1.3757,12.6138,7.3206,0.0493,0.4846,3.7978,7.8274,21.5861,12.7271,7.5485,8.5621,12.0191,5.1141,0.1459,0.0056
A452,Tumoral (01A),0.0000,0.0749,15.1893,10.3358,11.6956,9.4667,6.3740,3.2756,11.8148,88.2877,2.7585,52.7942,52.0341,0.1469,2.8209,6.4398,15.7421,56.3207,21.6570,23.2815,14.7759,24.1611,30.1123,3.2898,0.0000
A453,Tumoral (01A),0.0000,0.3741,2.8222,2.2829,3.5332,2.3267,1.6212,0.5236,3.4351,20.2343,1.6321,6.8415,4.5164,0.0000,0.1099,2.4188,6.0622,18.0082,9.4657,5.7399,8.8788,13.2319,4.3545,1.4954,0.0310
A486,Tumoral (01A),0.0000,0.2505,8.4367,5.1423,5.4981,5.2118,2.6158,1.7520,7.0766,27.3781,5.6783,23.0596,25.5993,0.3764,17.7524,17.6669,13.5882,36.6456,53.8932,16.7413,56.9526,216.3142,33.6786,2.1631,0.0749
A487,Tumoral (01A),0.0000,0.4397,8.3318,6.4828,6.1399,4.8435,4.5223,6.0491,8.0879,37.6767,2.5562,24.7300,80.5336,0.2235,3.5832,6.4850,9.9043,42.4118,19.5167,16.4642,15.1225,20.3692,11.1913,1.1572,0.0000
A489,Tumoral (01A),0.0000,1.0623,6.9351,4.6428,5.0822,2.7930,1.1182,0.7436,4.2076,22.0339,2.5807,9.8062,10.2552,0.0000,1.0112,2.8979,10.1277,31.1527,19.6934,10.0084,18.1653,14.2035,7.8788,0.1134,0.0000
A48C,Tumoral (01A),0.0000,1.3628,4.9379,6.0473,5.2798,3.9996,3.5001,1.8591,5.9262,37.4147,1.7734,21.7122,56.3124,0.0068,4.2887,3.7425,10.6090,41.2016,26.0504,10.6033,19.4144,25.1050,10.1548,1.1184,0.0000
A4BE,Tumoral (01A),0.0000,0.5103,6.8590,2.8250,5.8113,3.6787,3.8734,2.2770,6.4276,49.0044,3.0711,24.4614,39.6697,0.0000,1.3351,6.2776,5.7734,34.5227,10.0568,14.5203,26.7823,37.5518,11.0253,1.4334,0.0000
A4CR,Tumoral (01A),0.0000,0.3754,10.3151,9.0321,12.3429,9.1645,8.5105,6.8870,14.9027,130.3010,7.5401,23.7409,60.1651,0.6308,7.4536,7.8338,23.6027,52.8889,16.3927,22.2173,12.1649,34.4620,28.8570,3.9127,0.0000
A4CS,Tumoral (01A),0.0000,0.9163,6.1522,4.5261,8.3777,8.6893,4.7999,5.6046,8.1878,53.1464,4.5624,20.6637,29.2423,0.0650,7.0994,5.1529,7.3343,28.9322,44.8970,10.0108,15.2979,64.7491,8.7319,3.5748,0.0000
A4G2,Tumoral (01A),0.0000,0.6438,3.6392,3.2862,7.3662,6.5316,3.3016,1.6665,6.3989,43.8063,4.7383,20.8324,22.7821,0.0000,20.9997,3.7823,8.1005,37.7460,11.6871,8.3162,15.8800,41.3868,8.7268,20.3281,0.0000
A4G3,Normal (11A),0.0000,0.0000,3.9014,3.7172,5.3512,1.9187,1.5545,0.2861,4.0280,28.0678,2.3822,7.4618,0.1890,0.0000,0.0337,2.5725,8.5810,18.6007,8.1625,8.4542,6.3562,6.3934,4.9853,0.3653,0.0000
A4G3,Tumoral (01A),0.0000,0.1742,4.1926,2.8921,3.6326,2.7461,2.6776,0.7091,5.7733,30.5865,3.6244,11.3931,13.8771,0.0164,3.6846,4.9024,7.7203,30.3576,15.7129,12.9932,31.7439,17.2531,8.0188,5.3912,0.0000
A4G6,Tumoral (01A),0.0000,0.6514,7.8495,4.0055,7.0896,3.7236,3.9443,1.4729,6.8658,52.8401,1.7204,24.9727,34.6204,0.0126,5.1898,5.9099,10.3958,47.6829,15.5710,20.2651,32.1249,35.0214,16.1337,2.3645,0.0648
A4G8,Tumoral (01A),0.0000,0.9015,3.9464,5.6556,6.8896,3.9126,3.8884,1.3382,9.3761,41.1651,4.2600,16.6325,34.5651,0.0357,6.7574,5.7338,13.9344,36.0849,21.3477,19.6384,21.8967,93.0082,18.4230,3.5552,0.0000
A4G9,Tumoral (01A),0.0000,0.5281,3.9435,3.9355,5.7529,2.9613,3.6600,0.6416,5.4582,30.5606,1.0057,8.9257,28.0261,0.0000,0.4873,5.6751,9.7287,34.0182,9.7768,17.2755,37.9161,19.1820,12.4024,1.1171,0.0000
A4GC,Normal (11A),0.0000,0.0000,3.3044,2.2388,5.3178,2.7754,1.3305,0.3886,4.0158,24.3271,1.9314,8.1198,0.1572,0.0000,0.0725,2.2915,8.3423,23.7794,8.9989,6.9131,6.3684,6.0486,4.1677,0.2540,0.0081
A4GC,Tumoral (01A),0.0000,1.8728,6.1190,4.0671,5.1291,4.1853,2.8447,2.6488,6.1750,44.5999,2.4469,17.6202,33.2466,0.0493,2.9512,3.5840,7.5948,33.1769,14.9773,11.4409,37.1254,24.1639,10.2839,1.4650,0.0000
A4GF,Tumoral (01A),0.0000,0.1658,6.9183,5.6471,5.9696,2.6119,4.5022,0.7613,6.4328,45.6170,4.8489,23.3330,57.8958,0.0311,2.4847,9.7082,16.8527,57.3061,24.0736,29.7000,31.3600,48.4394,30.0282,10.1632,0.0200
A4GH,Tumoral (01A),0.0402,0.7375,14.5394,6.2561,4.1539,2.4824,4.6293,2.3252,5.4955,24.6048,2.8155,16.5089,40.5729,0.0157,3.4537,5.3788,8.7148,15.5072,23.6062,7.2297,32.4966,30.6337,9.9005,1.5461,2.1442
A4GJ,Tumoral (01A),0.0000,0.0000,4.2448,6.8032,5.8325,2.5696,2.7023,1.3289,7.8531,20.9691,3.6102,10.9275,19.8178,0.0077,0.3300,4.8691,9.0419,19.6276,13.7445,9.2399,10.3480,9.2776,7.8013,0.1863,0.0000
A4GN,Normal (11A),0.0000,0.0000,2.8481,2.4035,4.6054,1.6338,0.7854,0.3237,3.4368,24.7542,1.7428,7.1347,0.4976,0.0000,0.1047,1.8635,6.0729,18.7476,6.9188,6.4527,12.0786,10.1287,3.4056,0.3248,0.0000
A4GN,Tumoral (01A),0.0000,1.2754,6.3131,3.6309,7.7004,2.4966,4.6734,1.3562,9.2590,41.6013,1.5104,17.0104,44.1999,0.0401,0.8458,6.4364,10.6633,39.8926,15.7462,22.6747,26.5412,16.8862,17.3015,1.6108,0.2916
A4GP,Normal (11A),0.0000,0.0000,4.0026,3.0826,5.2153,2.1474,1.3901,0.4473,4.2951,26.3035,3.8273,7.8286,0.2054,0.0000,0.1727,3.0436,8.7067,20.5680,7.8982,8.2586,8.4517,9.1444,5.2269,0.5125,0.0000
A4GP,Tumoral (01A),0.0000,0.8833,5.0575,4.6963,6.8561,2.6054,3.4092,0.8545,7.9016,37.0179,3.9645,15.8765,43.4651,0.0153,3.1085,4.2625,8.4253,30.6779,14.5012,11.4508,27.0809,20.2267,10.8848,3.0603,0.0371
A4GT,Tumoral (01A),0.0000,0.0516,5.1028,3.7406,8.8291,5.0928,2.1908,1.0842,7.6999,71.0094,1.7898,19.0000,26.4723,0.0586,4.0030,6.3569,10.6556,41.0099,9.9217,16.7047,24.1955,19.8159,12.4763,5.5848,0.0000
A4GU,Tumoral (01A),0.0000,0.0000,10.0420,4.7257,8.9221,3.9602,5.1477,2.9112,8.7611,58.7422,2.5706,27.1746,44.6488,0.0000,2.3942,4.6195,8.0061,28.8065,16.3456,14.8823,25.5034,39.9791,14.1305,6.5669,0.0000
A4GX,Tumoral (01A),0.0000,0.3326,6.0969,4.0853,9.4088,6.2764,3.4041,1.7267,6.2541,44.4589,2.2977,19.4106,25.9216,0.1069,1.0902,5.9722,9.0844,42.7793,18.3867,13.5777,18.8586,31.1291,7.5385,0.9593,0.0131
A4GY,Tumoral (01A),0.4011,0.0000,5.9569,6.1729,6.0768,3.0197,2.2641,1.2015,7.2411,24.6074,3.8840,11.7561,15.8621,0.0000,0.8152,5.8025,10.7875,28.5822,17.5650,13.4495,12.5947,22.3976,13.1852,1.0380,0.0000
A4H0,Tumoral (01A),0.0000,0.0830,4.2901,5.7879,7.6596,3.2521,8.9225,2.2907,10.4761,42.9093,3.4319,25.9035,56.9544,0.0000,2.3345,7.0081,10.7154,29.4537,13.0367,14.0380,21.0484,53.5220,21.4632,1.2435,0.0000
A4H2,Tumoral (01A),0.0000,1.6354,9.6604,5.1582,4.9271,1.8885,3.6163,0.8830,5.0254,26.6519,1.5122,20.5666,59.1368,0.0000,2.3977,4.1633,5.6818,27.3387,13.8887,11.6098,12.3888,20.2378,10.2012,0.9407,0.4660
A4H3,Tumoral (01A),0.0000,0.9519,3.8226,4.7552,5.7659,5.8520,4.1497,1.9672,6.0863,30.0229,3.5483,14.2740,35.3263,0.0215,2.4573,4.4034,11.1521,33.6103,15.8823,13.3562,22.8589,114.3265,10.5532,0.8240,0.0635
A4H4,Tumoral (01A),0.0000,0.1016,4.6131,3.6732,8.4019,5.0850,4.6002,1.9435,10.8736,27.7747,3.2648,27.6579,65.0747,0.0000,1.1369,6.5374,11.5657,44.7593,21.6746,20.0759,25.7395,37.3383,17.8348,3.7927,0.0052
A4H5,Tumoral (01A),0.0000,0.4367,15.1786,9.3969,6.1878,3.4691,4.4355,1.4653,7.2132,49.1207,4.0831,40.9855,30.5213,0.0391,16.0706,6.9700,11.2450,59.6677,21.9653,24.9885,28.2681,112.3619,22.5507,7.4596,0.0112
A4H6,Tumoral (01A),0.0000,0.5168,6.4686,6.1799,5.7674,3.1796,1.9266,1.5095,5.7230,27.4321,4.6068,20.8142,33.1096,0.0439,2.0395,6.2287,9.9718,55.2550,20.0875,19.7847,29.9141,29.5879,12.0127,2.0840,0.0000
A4H8,Tumoral (01A),0.0000,1.0635,3.9701,3.6750,7.4342,3.1650,7.5547,1.5271,7.8788,50.7150,1.3703,15.0703,35.4979,0.0000,0.2432,8.4024,7.1637,36.0477,14.2960,18.4754,32.8715,22.0992,12.5965,0.4075,0.1478
A4HB,Normal (11A),0.0000,0.0000,2.4104,3.9725,5.2819,2.1364,0.8782,0.4027,3.9570,26.6194,4.4217,7.5145,0.2170,0.0000,0.0770,2.0541,8.8618,17.2671,9.4875,6.7453,5.8061,11.2493,4.4150,0.3068,0.0000
A4HB,Tumoral (01A),0.0000,0.4969,5.2210,5.1532,7.3785,2.8785,3.0499,1.9859,6.9320,36.4078,3.0036,13.8033,22.3928,0.0345,1.2333,4.2018,9.0028,21.8089,18.1827,10.5843,23.9045,17.8370,9.1748,0.6062,0.0000
A4HD,Tumoral (01A),0.0111,0.0922,8.5068,6.9475,6.5656,2.8266,3.7525,6.8464,6.7596,35.4059,2.2351,31.9415,50.1786,0.6556,2.0522,6.6830,8.4666,22.9759,20.3976,10.6771,22.7968,27.2927,14.7575,2.7392,0.0000
A4IU,Tumoral (01A),0.0000,0.1502,4.9834,4.4322,5.1835,2.3759,1.4344,0.6854,4.9915,23.4660,2.7136,10.8716,12.2512,0.0000,2.9498,3.5076,7.2739,19.1640,10.0442,11.3589,10.2393,10.9744,7.5466,0.8366,0.0000
A4IV,Tumoral (01A),0.0000,0.0000,4.1915,2.9881,4.9030,2.3802,0.7961,0.3306,4.6657,21.1791,3.8499,6.8215,3.1760,0.0000,1.8490,2.8693,8.0505,18.9943,10.1783,8.6765,8.0758,13.7859,6.3047,5.8072,0.0000
A4IY,Tumoral (01A),0.0000,0.0000,2.4835,4.1237,5.4808,1.8328,7.9239,0.4875,6.3779,27.4900,1.5286,19.2037,27.4922,0.0734,1.8858,3.5748,8.7832,28.1913,12.5507,14.6250,25.0590,16.8583,11.7392,5.3241,0.0000
A4IZ,Tumoral (01A),0.0000,0.0666,3.7787,2.2338,4.3439,2.2267,1.0947,0.3307,4.2485,18.0227,3.0601,7.0432,6.1935,0.0000,1.7722,4.0976,7.3140,21.6683,8.2813,9.7543,9.9910,17.4064,6.9716,4.7464,0.0000
A4J1,Tumoral (01A),0.0000,0.2588,7.2404,9.3523,9.6110,9.7823,5.4351,3.9827,11.4915,54.4583,2.1116,38.1508,85.5733,0.5772,4.4230,7.3726,7.2674,46.7667,12.1290,10.8300,8.9981,34.4705,18.0473,3.5504,0.0149
A4J2,Tumoral (01A),0.0000,0.4803,8.1535,3.9512,5.4600,2.8812,1.6885,1.4103,6.4115,29.5519,6.7567,12.0395,15.1345,0.0000,2.1351,4.9774,8.5009,23.5235,14.0957,10.7079,12.5691,24.4411,9.7774,1.0618,0.0000
A4J4,Tumoral (01A),0.0000,0.1223,3.8116,3.3615,11.2415,4.6994,3.1543,2.0252,9.4605,69.2507,2.0229,24.8689,16.6411,0.0000,1.9700,10.0220,10.9644,24.7764,13.0838,11.2893,50.5453,29.2552,13.5472,1.4975,0.0133
A4J5,Tumoral (01A),0.1775,2.3025,5.8950,3.5125,5.3144,2.9081,1.7009,1.2339,5.6586,24.6285,3.5097,9.3512,9.8500,0.0000,2.0200,2.9509,7.9865,23.5910,14.3632,7.9078,14.1606,14.5076,6.5865,3.6322,0.0000
A4J6,Tumoral (01A),0.0000,0.1459,9.1248,3.8272,3.7729,6.2022,0.9087,0.5644,3.3665,16.6769,1.6638,10.3683,4.5736,0.0000,0.8222,2.4500,8.5610,32.5080,14.3731,8.3347,18.2904,22.3487,7.6586,0.2254,0.0000
A4J7,Tumoral (01A),0.0491,0.3958,6.5267,5.1663,6.0339,3.1573,0.8023,0.5238,5.4978,19.5360,2.1739,8.5940,2.4249,0.0000,0.8770,4.8810,8.2367,24.8466,12.4695,9.4451,12.1001,12.1206,6.5051,0.5433,0.0000
A4J8,Tumoral (01A),0.0000,1.5820,6.3235,4.5679,7.5248,3.3467,2.7347,2.3850,7.5181,41.4842,4.2325,21.8329,29.0219,0.0000,4.4849,2.2780,5.9188,67.7423,39.6751,27.0335,11.1276,56.4407,33.7478,1.8491,0.0035
A4J9,Tumoral (01A),0.0000,0.0988,3.1405,3.6700,5.2796,2.2931,0.7626,0.8156,4.3415,22.2027,3.1109,7.9393,1.8352,0.0000,2.0610,2.1738,7.8508,21.5160,9.2895,7.4846,7.4201,6.8403,5.7963,0.4098,0.0000
A4MG,Tumoral (01A),0.0000,1.0692,6.3786,2.7208,7.2250,6.2783,4.6126,2.1596,8.1462,33.1880,3.1214,18.3950,31.3325,0.0000,1.3632,5.9589,9.6361,29.6378,15.8918,9.8014,19.3335,25.8975,10.9826,2.2845,0.0000
A4MH,Tumoral (01A),0.0000,0.3964,7.7199,9.4615,5.0793,3.3739,3.3156,1.5365,6.2036,29.9284,2.1570,25.9334,48.6286,0.0307,2.1839,5.9259,7.6302,20.9522,25.2284,7.5041,11.0985,56.3066,10.6295,3.1637,0.4995
A4MI,Tumoral (01A),0.0000,0.3741,4.3398,3.2961,5.6649,3.6503,0.6798,1.0760,5.9737,23.1961,2.4632,12.2637,7.4215,0.0000,1.6466,3.4280,6.2003,24.8644,16.5590,7.5753,10.6094,14.8672,5.7069,0.5905,0.0000
A4MJ,Tumoral (01A),0.0000,0.4590,2.4857,4.7323,7.1983,2.5909,6.5381,0.9930,7.2981,36.3720,1.7295,21.4573,41.5398,0.0172,3.1928,5.6707,11.5673,33.4387,14.3535,13.1127,32.9035,43.5369,13.8234,3.8586,0.0048
A4PD,Tumoral (01A),0.0000,0.3083,5.6182,3.4121,5.8476,2.3733,2.5235,2.1072,6.9946,40.8074,3.3236,31.1721,33.6577,0.0000,9.9864,5.1502,8.4755,30.0019,22.9020,10.4335,31.0346,42.3347,10.9601,2.0768,17.8459
A4PE,Tumoral (01A),0.0000,0.0737,6.3937,3.8339,5.3910,2.3353,4.0462,1.7770,7.3482,33.8346,4.0809,22.2560,46.6869,0.0000,4.9675,9.7142,15.9516,40.5052,26.9578,18.1643,27.2661,107.0801,30.4562,5.0196,0.0000
A4PF,Tumoral (01A),0.0000,0.0000,5.6882,8.7667,9.4621,4.5477,4.0801,1.0853,11.2085,71.8333,2.4799,21.9943,48.8585,0.0000,0.5916,4.6848,9.4908,27.9946,18.7411,15.4273,14.6396,17.3051,13.1317,0.4359,0.0000
A4QI,Tumoral (01A),0.0000,1.0225,4.5604,5.6917,11.9658,4.2618,4.2840,2.8502,8.4484,87.0880,2.2934,46.0981,31.5061,0.0050,6.0290,5.4652,20.2289,94.1209,44.9746,38.4150,47.8968,96.5500,23.9878,0.5258,0.0171
A4SO,Tumoral (01A),0.0000,0.5099,6.6465,3.8476,5.1377,3.8967,2.6187,1.6092,6.7124,21.7895,2.2380,11.3145,17.2680,0.4132,13.5026,4.0087,9.4175,40.9286,13.0980,14.5859,34.4552,73.8758,12.9878,9.5839,0.0044
A4YT,Tumoral (01A),0.0000,0.1785,11.1663,6.1515,10.0168,4.1698,5.9559,1.4853,10.4045,56.8743,5.2468,27.2379,33.1991,0.2558,10.8228,9.3491,16.1202,57.6074,22.4804,26.3858,36.5296,67.8962,26.2396,2.0746,0.0178
A4YU,Tumoral (01A),0.0000,0.1176,5.3600,6.9702,6.3319,2.9507,8.3103,1.9912,7.7478,38.7340,4.8712,12.3020,50.8830,0.0107,0.2633,5.6745,13.8641,28.2325,14.8844,17.3802,20.4750,41.2599,25.2882,1.0159,0.0184
A4YV,Tumoral (01A),0.0000,0.3696,9.7788,7.0730,11.0309,5.2950,6.1086,3.4108,9.8152,79.5140,3.7626,14.9593,28.9368,0.0000,0.7914,7.2315,12.9015,31.6707,15.7469,19.8482,18.4763,21.0472,14.7335,0.1776,0.0203
A4YX,Tumoral (01A),0.0000,0.3794,3.6778,5.4331,6.1872,3.5695,5.1347,0.5440,8.0990,43.3958,4.0375,21.5930,45.8836,0.0145,11.3629,5.7962,10.5433,38.4828,16.6963,19.2794,37.5497,69.6431,17.3333,1.2939,0.0000
A4YY,Tumoral (01A),0.0000,0.8551,7.5074,3.9312,7.2150,2.4225,4.8717,1.2651,6.6166,45.2463,2.4662,12.9086,16.5298,0.0000,4.7418,6.3767,11.9429,33.9762,16.4639,16.9318,36.3878,26.1604,13.1887,0.3901,0.0000
A4Z0,Tumoral (01A),0.0000,0.6869,4.6480,3.3881,6.0213,2.7095,1.4760,0.4243,6.0584,22.8270,10.1747,9.3336,8.6250,0.0000,3.3486,3.6350,8.1506,19.8218,20.6195,9.6793,27.4420,22.5219,8.0759,1.6831,0.0000
